from_id,to_id,week,contact_minutes
P059,P088,1,44
P059,P218,1,25
P059,P246,1,21
P059,P258,1,6
P066,P098,1,21
P066,P110,1,44
P066,P118,1,23
P066,P203,1,53
P066,P258,1,56
P068,P291,1,3
P083,P088,1,3
P083,P110,1,14
P083,P118,1,15
P083,P145,1,60
P083,P146,1,31
P083,P218,1,13
P083,P223,1,54
P083,P239,1,63
P083,P240,1,3
P083,P257,1,69
P088,P168,1,47
P088,P176,1,23
P088,P209,1,42
P088,P223,1,34
P088,P239,1,44
P088,P253,1,11
P088,P273,1,72
P091,P164,1,22
P091,P176,1,46
P098,P103,1,93
P098,P110,1,121
P098,P181,1,37
P098,P189,1,47
P098,P209,1,35
P098,P218,1,26
P098,P223,1,45
P098,P244,1,36
P098,P291,1,45
P103,P118,1,6
P103,P135,1,37
P103,P204,1,30
P110,P207,1,67
P110,P273,1,90
P118,P161,1,9
P118,P164,1,69
P118,P244,1,9
P133,P207,1,59
P133,P215,1,11
P133,P239,1,29
P135,P168,1,23
P141,P189,1,13
P141,P246,1,32
P145,P204,1,52
P145,P217,1,53
P145,P275,1,27
P145,P291,1,51
P146,P168,1,29
P146,P176,1,30
P146,P204,1,32
P146,P239,1,37
P146,P240,1,26
P146,P257,1,22
P161,P215,1,27
P161,P275,1,36
P164,P176,1,32
P164,P203,1,123
P164,P215,1,10
P164,P218,1,21
P164,P232,1,147
P164,P253,1,9
P164,P258,1,88
P168,P176,1,53
P168,P239,1,55
P168,P240,1,86
P176,P218,1,24
P176,P273,1,95
P181,P189,1,22
P181,P204,1,82
P181,P215,1,44
P181,P239,1,26
P181,P257,1,15
P181,P273,1,57
P189,P215,1,64
P189,P232,1,48
P189,P240,1,22
P189,P246,1,71
P189,P257,1,62
P189,P258,1,67
P189,P291,1,58
P203,P215,1,23
P203,P218,1,19
P203,P232,1,55
P203,P239,1,61
P203,P240,1,26
P203,P257,1,6
P203,P291,1,84
P204,P291,1,13
P207,P218,1,51
P207,P253,1,31
P207,P257,1,60
P209,P232,1,143
P215,P239,1,7
P215,P273,1,9
P215,P291,1,150
P217,P232,1,53
P218,P257,1,78
P223,P239,1,109
P223,P257,1,67
P223,P258,1,41
P232,P239,1,13
P239,P240,1,35
P239,P246,1,54
P239,P257,1,42
P240,P273,1,32
P244,P258,1,15
P257,P258,1,22
P063,P080,1,21
P063,P154,1,74
P063,P156,1,81
P063,P165,1,33
P063,P179,1,25
P063,P230,1,85
P063,P286,1,20
P073,P084,1,55
P073,P150,1,76
P080,P129,1,43
P080,P182,1,8
P080,P191,1,58
P080,P194,1,32
P080,P199,1,7
P080,P248,1,13
P080,P286,1,32
P084,P150,1,75
P084,P151,1,122
P084,P154,1,15
P084,P191,1,17
P084,P230,1,46
P084,P287,1,12
P096,P108,1,14
P096,P119,1,66
P096,P185,1,39
P096,P226,1,36
P096,P234,1,28
P108,P150,1,36
P108,P179,1,58
P108,P201,1,13
P108,P259,1,67
P108,P266,1,37
P108,P272,1,58
P108,P286,1,51
P108,P287,1,75
P119,P144,1,74
P119,P150,1,31
P119,P194,1,93
P119,P199,1,4
P119,P230,1,18
P119,P234,1,22
P119,P259,1,13
P119,P272,1,57
P119,P277,1,41
P119,P296,1,74
P129,P144,1,74
P129,P174,1,6
P129,P230,1,5
P129,P234,1,127
P129,P287,1,41
P130,P151,1,43
P130,P174,1,109
P130,P179,1,43
P130,P201,1,42
P130,P224,1,48
P130,P226,1,71
P130,P265,1,20
P130,P266,1,34
P144,P150,1,102
P144,P226,1,39
P150,P154,1,11
P150,P165,1,55
P150,P188,1,48
P150,P191,1,71
P150,P201,1,9
P150,P224,1,22
P150,P248,1,48
P151,P179,1,100
P151,P182,1,19
P151,P199,1,43
P151,P201,1,69
P154,P179,1,44
P154,P206,1,15
P154,P224,1,40
P154,P279,1,87
P154,P287,1,19
P156,P185,1,56
P156,P248,1,14
P160,P185,1,25
P160,P194,1,17
P160,P259,1,41
P160,P277,1,10
P160,P279,1,14
P160,P287,1,28
P165,P182,1,7
P165,P185,1,80
P165,P234,1,40
P165,P279,1,13
P165,P286,1,40
P174,P191,1,51
P174,P206,1,50
P174,P231,1,169
P174,P234,1,28
P174,P287,1,65
P178,P259,1,73
P178,P272,1,24
P178,P279,1,75
P179,P182,1,64
P179,P185,1,20
P179,P277,1,78
P179,P279,1,63
P179,P286,1,33
P182,P185,1,20
P182,P259,1,6
P182,P272,1,31
P185,P199,1,45
P185,P224,1,102
P185,P279,1,39
P185,P286,1,22
P185,P296,1,74
P188,P201,1,45
P188,P259,1,25
P188,P272,1,54
P188,P296,1,4
P191,P226,1,88
P191,P234,1,46
P191,P277,1,116
P191,P287,1,33
P194,P279,1,44
P194,P286,1,83
P199,P224,1,109
P199,P230,1,22
P199,P266,1,54
P199,P277,1,59
P201,P259,1,57
P201,P286,1,28
P224,P265,1,96
P224,P286,1,91
P230,P259,1,23
P230,P287,1,10
P234,P248,1,23
P248,P272,1,30
P259,P277,1,45
P259,P286,1,41
P265,P272,1,15
P266,P277,1,26
P266,P279,1,21
P272,P296,1,51
P279,P286,1,5
P286,P296,1,34
P051,P079,1,13
P051,P109,1,33
P051,P116,1,34
P051,P125,1,74
P051,P175,1,110
P051,P227,1,58
P051,P251,1,24
P051,P268,1,26
P052,P061,1,20
P052,P127,1,25
P052,P163,1,39
P052,P261,1,29
P052,P285,1,110
P052,P293,1,9
P056,P070,1,23
P056,P106,1,59
P056,P107,1,33
P056,P123,1,72
P056,P134,1,82
P056,P158,1,61
P056,P208,1,94
P056,P210,1,34
P056,P214,1,8
P056,P285,1,4
P057,P070,1,49
P057,P106,1,53
P057,P123,1,20
P057,P124,1,72
P057,P140,1,23
P057,P142,1,79
P057,P210,1,102
P057,P214,1,19
P057,P268,1,67
P061,P070,1,26
P061,P085,1,37
P061,P192,1,37
P061,P214,1,74
P061,P293,1,31
P070,P094,1,102
P070,P127,1,84
P070,P192,1,27
P070,P267,1,18
P070,P284,1,61
P079,P227,1,28
P079,P242,1,29
P079,P268,1,66
P085,P094,1,6
P085,P102,1,24
P085,P106,1,23
P085,P126,1,18
P085,P163,1,63
P085,P167,1,37
P085,P210,1,83
P085,P214,1,62
P085,P221,1,17
P085,P242,1,43
P085,P293,1,21
P085,P298,1,85
P094,P107,1,207
P094,P126,1,44
P094,P158,1,29
P094,P162,1,35
P094,P214,1,75
P094,P267,1,15
P094,P285,1,9
P094,P293,1,27
P102,P106,1,39
P102,P107,1,75
P102,P127,1,27
P102,P140,1,23
P102,P162,1,73
P102,P221,1,22
P102,P242,1,8
P102,P261,1,67
P102,P285,1,12
P102,P293,1,44
P106,P140,1,21
P106,P208,1,28
P106,P221,1,4
P107,P126,1,57
P107,P140,1,54
P107,P237,1,20
P107,P242,1,7
P107,P261,1,69
P109,P125,1,52
P109,P134,1,108
P109,P167,1,38
P109,P214,1,23
P109,P227,1,3
P109,P237,1,10
P109,P293,1,21
P116,P124,1,46
P116,P126,1,50
P116,P298,1,3
P117,P158,1,33
P117,P268,1,38
P123,P125,1,35
P124,P175,1,11
P124,P221,1,30
P124,P298,1,21
P125,P175,1,28
P126,P158,1,75
P126,P167,1,74
P126,P210,1,55
P126,P211,1,39
P126,P267,1,47
P126,P284,1,42
P127,P134,1,34
P127,P210,1,162
P127,P227,1,95
P127,P228,1,6
P127,P267,1,25
P127,P298,1,47
P140,P162,1,90
P140,P214,1,16
P140,P228,1,46
P140,P285,1,4
P140,P293,1,14
P142,P227,1,34
P142,P228,1,86
P142,P298,1,31
P158,P208,1,18
P158,P211,1,51
P158,P251,1,57
P162,P163,1,100
P162,P242,1,21
P163,P242,1,10
P167,P208,1,28
P167,P211,1,24
P167,P237,1,6
P167,P261,1,19
P167,P298,1,49
P192,P251,1,28
P192,P268,1,118
P192,P298,1,18
P208,P214,1,39
P208,P221,1,36
P208,P251,1,49
P208,P268,1,14
P208,P285,1,49
P210,P227,1,84
P210,P251,1,19
P210,P268,1,57
P211,P214,1,58
P211,P221,1,7
P211,P285,1,28
P214,P227,1,13
P214,P228,1,68
P214,P242,1,19
P221,P242,1,42
P228,P284,1,14
P237,P285,1,29
P251,P267,1,20
P251,P285,1,44
P267,P284,1,59
P053,P082,1,56
P053,P143,1,35
P053,P172,1,38
P053,P180,1,23
P053,P247,1,44
P053,P252,1,42
P053,P292,1,32
P064,P139,1,17
P064,P152,1,38
P064,P169,1,5
P064,P186,1,41
P064,P190,1,27
P064,P195,1,86
P064,P200,1,54
P064,P262,1,20
P064,P278,1,14
P064,P292,1,73
P067,P090,1,91
P067,P093,1,46
P067,P180,1,95
P067,P243,1,51
P074,P104,1,49
P074,P147,1,9
P074,P152,1,48
P074,P180,1,55
P074,P278,1,36
P081,P090,1,91
P081,P152,1,20
P081,P159,1,124
P081,P172,1,60
P081,P186,1,42
P081,P200,1,13
P081,P290,1,29
P082,P147,1,67
P082,P152,1,18
P082,P159,1,31
P082,P172,1,117
P082,P180,1,30
P082,P186,1,92
P082,P247,1,33
P082,P290,1,29
P082,P294,1,25
P086,P104,1,133
P086,P139,1,37
P086,P147,1,35
P086,P159,1,15
P086,P180,1,16
P086,P264,1,24
P086,P290,1,78
P086,P299,1,16
P089,P147,1,19
P089,P247,1,7
P090,P121,1,61
P090,P152,1,42
P090,P180,1,24
P090,P200,1,34
P090,P252,1,94
P090,P292,1,46
P093,P180,1,53
P093,P186,1,121
P093,P190,1,65
P093,P252,1,50
P093,P294,1,56
P104,P159,1,21
P104,P177,1,157
P104,P190,1,68
P121,P152,1,15
P121,P278,1,85
P139,P147,1,14
P139,P186,1,94
P139,P200,1,48
P139,P294,1,28
P143,P180,1,47
P143,P200,1,19
P143,P252,1,41
P143,P278,1,33
P147,P290,1,43
P152,P249,1,12
P152,P252,1,127
P159,P169,1,35
P159,P186,1,63
P159,P200,1,12
P159,P278,1,67
P169,P200,1,17
P169,P243,1,15
P172,P177,1,25
P172,P180,1,45
P172,P252,1,19
P177,P195,1,76
P180,P243,1,41
P180,P247,1,35
P186,P196,1,18
P186,P247,1,33
P186,P252,1,44
P186,P262,1,14
P190,P252,1,103
P196,P252,1,55
P196,P262,1,61
P200,P249,1,54
P243,P299,1,20
P249,P262,1,7
P249,P294,1,14
P252,P262,1,67
P252,P264,1,19
P252,P278,1,31
P262,P299,1,53
P264,P294,1,39
P049,P054,1,50
P049,P077,1,13
P049,P149,1,34
P049,P153,1,47
P049,P222,1,65
P049,P300,1,54
P050,P069,1,15
P050,P170,1,24
P054,P069,1,6
P054,P120,1,50
P054,P131,1,38
P054,P148,1,7
P054,P222,1,26
P060,P075,1,80
P060,P076,1,35
P060,P136,1,14
P060,P148,1,41
P060,P153,1,36
P060,P170,1,14
P060,P213,1,28
P062,P077,1,39
P062,P092,1,15
P062,P131,1,29
P062,P132,1,15
P062,P136,1,103
P062,P137,1,37
P062,P213,1,55
P062,P300,1,39
P069,P131,1,76
P069,P256,1,41
P075,P111,1,92
P075,P120,1,34
P075,P155,1,46
P075,P170,1,38
P075,P183,1,30
P076,P092,1,82
P076,P111,1,4
P076,P166,1,47
P076,P256,1,75
P077,P111,1,43
P077,P155,1,20
P077,P170,1,25
P077,P213,1,15
P077,P260,1,16
P077,P300,1,57
P078,P255,1,105
P078,P300,1,77
P092,P099,1,68
P092,P128,1,34
P092,P137,1,22
P092,P149,1,36
P092,P295,1,34
P092,P300,1,36
P099,P131,1,20
P099,P149,1,103
P111,P112,1,13
P111,P149,1,70
P111,P213,1,73
P111,P220,1,46
P111,P222,1,15
P111,P255,1,52
P111,P269,1,80
P112,P155,1,14
P112,P222,1,28
P112,P255,1,14
P112,P260,1,15
P113,P128,1,15
P113,P136,1,23
P113,P138,1,56
P113,P153,1,13
P113,P170,1,11
P113,P255,1,26
P120,P131,1,9
P120,P132,1,30
P120,P222,1,11
P120,P271,1,55
P128,P131,1,22
P128,P137,1,50
P128,P138,1,53
P128,P148,1,33
P128,P166,1,78
P128,P220,1,48
P128,P236,1,23
P128,P241,1,63
P131,P137,1,108
P131,P213,1,20
P131,P236,1,33
P131,P255,1,166
P131,P269,1,83
P132,P183,1,55
P132,P220,1,17
P136,P222,1,37
P136,P236,1,24
P137,P149,1,16
P137,P222,1,5
P138,P148,1,48
P138,P153,1,36
P138,P222,1,42
P138,P260,1,91
P138,P297,1,5
P148,P220,1,33
P148,P236,1,79
P148,P256,1,46
P148,P271,1,123
P148,P295,1,24
P149,P183,1,46
P149,P260,1,113
P153,P155,1,78
P153,P260,1,26
P153,P271,1,14
P155,P170,1,44
P155,P213,1,26
P155,P220,1,31
P155,P295,1,31
P166,P269,1,35
P170,P295,1,6
P183,P236,1,37
P183,P241,1,24
P213,P220,1,126
P213,P222,1,65
P213,P241,1,81
P213,P295,1,28
P220,P236,1,30
P220,P269,1,55
P222,P297,1,68
P222,P300,1,53
P236,P260,1,13
P236,P269,1,56
P241,P260,1,75
P241,P297,1,50
P255,P260,1,8
P255,P297,1,121
P255,P300,1,34
P256,P297,1,87
P256,P300,1,22
P260,P271,1,97
P260,P295,1,60
P055,P058,1,42
P055,P115,1,60
P055,P122,1,17
P055,P250,1,21
P055,P283,1,67
P055,P288,1,32
P055,P289,1,33
P058,P071,1,23
P058,P095,1,17
P058,P114,1,58
P058,P184,1,38
P058,P225,1,63
P058,P245,1,23
P058,P250,1,72
P058,P288,1,87
P065,P071,1,40
P065,P095,1,13
P065,P097,1,127
P065,P101,1,29
P065,P122,1,30
P065,P171,1,8
P065,P212,1,70
P065,P250,1,31
P065,P270,1,14
P071,P095,1,5
P071,P193,1,73
P071,P283,1,7
P072,P100,1,83
P072,P193,1,37
P072,P205,1,36
P072,P212,1,115
P072,P233,1,79
P072,P270,1,43
P072,P281,1,69
P087,P100,1,38
P087,P114,1,31
P087,P115,1,54
P087,P205,1,10
P087,P270,1,101
P095,P105,1,38
P095,P114,1,124
P095,P193,1,168
P095,P212,1,30
P095,P245,1,57
P095,P270,1,58
P095,P282,1,31
P095,P288,1,17
P097,P101,1,37
P097,P122,1,104
P097,P212,1,61
P097,P233,1,49
P097,P270,1,14
P100,P202,1,58
P100,P245,1,42
P100,P281,1,41
P101,P105,1,25
P101,P171,1,20
P101,P202,1,38
P101,P212,1,170
P101,P225,1,14
P101,P235,1,23
P105,P114,1,4
P105,P202,1,21
P105,P205,1,20
P105,P254,1,42
P105,P276,1,29
P105,P283,1,12
P114,P157,1,75
P114,P216,1,57
P114,P219,1,32
P114,P245,1,14
P114,P276,1,34
P114,P280,1,7
P114,P283,1,49
P115,P187,1,83
P115,P280,1,39
P122,P270,1,37
P122,P289,1,91
P157,P171,1,76
P157,P205,1,33
P157,P235,1,158
P157,P283,1,30
P157,P288,1,57
P171,P184,1,28
P171,P212,1,27
P171,P216,1,81
P171,P270,1,9
P171,P280,1,117
P184,P205,1,35
P184,P263,1,35
P187,P193,1,19
P187,P229,1,56
P187,P276,1,37
P193,P238,1,37
P193,P245,1,91
P193,P274,1,57
P193,P283,1,28
P197,P202,1,14
P197,P212,1,36
P197,P235,1,58
P197,P281,1,40
P198,P202,1,33
P202,P270,1,75
P202,P276,1,30
P205,P250,1,82
P205,P283,1,27
P212,P216,1,110
P212,P233,1,11
P212,P283,1,25
P216,P245,1,37
P216,P270,1,51
P216,P288,1,27
P219,P282,1,97
P219,P289,1,31
P225,P250,1,77
P225,P282,1,45
P233,P276,1,16
P233,P281,1,32
P233,P283,1,20
P235,P263,1,84
P235,P283,1,31
P238,P288,1,56
P245,P276,1,23
P250,P280,1,69
P263,P270,1,43
P263,P280,1,58
P263,P289,1,24
P270,P282,1,31
P274,P281,1,16
P276,P283,1,14
P280,P288,1,86
P281,P282,1,28
P281,P288,1,15
P001,P010,1,11
P001,P027,1,20
P001,P036,1,77
P001,P045,1,10
P004,P018,1,39
P004,P020,1,19
P004,P032,1,49
P005,P020,1,29
P005,P023,1,25
P005,P027,1,7
P007,P032,1,25
P007,P041,1,29
P009,P010,1,36
P009,P039,1,14
P010,P018,1,89
P010,P039,1,27
P018,P039,1,84
P020,P039,1,10
P020,P044,1,38
P022,P027,1,9
P022,P032,1,48
P022,P047,1,100
P027,P044,1,54
P031,P033,1,39
P031,P036,1,17
P031,P039,1,13
P032,P033,1,62
P032,P036,1,47
P032,P045,1,32
P033,P044,1,66
P044,P047,1,47
P002,P017,1,23
P002,P025,1,21
P002,P037,1,11
P003,P017,1,56
P003,P026,1,51
P003,P029,1,31
P006,P008,1,59
P006,P025,1,24
P006,P029,1,54
P006,P040,1,33
P008,P011,1,5
P008,P043,1,62
P011,P015,1,23
P011,P026,1,32
P012,P046,1,23
P013,P040,1,37
P013,P046,1,21
P014,P015,1,53
P014,P016,1,19
P014,P026,1,12
P014,P028,1,70
P014,P040,1,28
P014,P046,1,22
P015,P035,1,54
P015,P042,1,58
P016,P026,1,55
P016,P029,1,50
P016,P042,1,42
P017,P028,1,22
P017,P035,1,9
P017,P042,1,75
P017,P046,1,13
P019,P024,1,31
P019,P042,1,81
P021,P025,1,17
P021,P028,1,9
P021,P038,1,51
P024,P029,1,72
P025,P042,1,3
P025,P046,1,72
P029,P042,1,60
P034,P038,1,8
P034,P042,1,57
P035,P038,1,10
P035,P043,1,66
P037,P042,1,13
P037,P046,1,32
P040,P042,1,78
P043,P046,1,23
P022,P110,1,23
P022,P209,1,56
P022,P080,1,42
P022,P248,1,9
P022,P150,1,37
P022,P208,1,36
P022,P227,1,26
P022,P123,1,32
P022,P180,1,7
P022,P196,1,13
P022,P177,1,16
P022,P297,1,38
P022,P077,1,29
P022,P148,1,102
P022,P270,1,62
P022,P288,1,13
P022,P048,1,34
P022,P028,1,34
P022,P026,1,40
P013,P022,1,175
P001,P118,1,50
P001,P156,1,84
P004,P272,1,6
P004,P091,1,6
P005,P070,1,18
P005,P072,1,8
P005,P238,1,16
P005,P244,1,70
P006,P007,1,42
P006,P285,1,7
P006,P092,1,45
P007,P183,1,48
P007,P086,1,77
P007,P110,1,48
P007,P150,1,54
P009,P118,1,26
P009,P200,1,15
P009,P228,1,54
P010,P199,1,60
P010,P220,1,42
P010,P215,1,35
P010,P218,1,57
P011,P033,1,74
P011,P152,1,51
P011,P105,1,39
P012,P282,1,113
P001,P012,1,32
P013,P137,1,74
P013,P208,1,17
P016,P153,1,54
P018,P165,1,69
P004,P019,1,66
P019,P171,1,18
P019,P288,1,15
P020,P025,1,51
P020,P144,1,75
P021,P050,1,35
P021,P057,1,57
P022,P193,1,31
P022,P239,1,37
P022,P211,1,102
P022,P271,1,60
P022,P260,1,35
P022,P094,1,26
P022,P082,1,28
P022,P062,1,52
P022,P058,1,32
P022,P251,1,117
P022,P081,1,49
P022,P102,1,11
P022,P116,1,13
P022,P025,1,56
P022,P201,1,55
P002,P022,1,21
P022,P163,1,10
P022,P130,1,48
P023,P152,1,13
P023,P206,1,85
P023,P205,1,32
P025,P070,1,11
P025,P085,1,16
P025,P093,1,25
P025,P166,1,10
P028,P196,1,28
P028,P236,1,43
P031,P097,1,26
P033,P291,1,20
P033,P046,1,23
P034,P211,1,19
P035,P166,1,35
P039,P151,1,52
P042,P085,1,60
P043,P089,1,14
P043,P240,1,21
P043,P267,1,101
P045,P276,1,23
P006,P045,1,78
P047,P074,1,9
P050,P284,1,69
P041,P057,1,30
P057,P128,1,18
P012,P057,1,12
P044,P059,1,80
P061,P078,1,35
P063,P101,1,45
P064,P183,1,27
P067,P131,1,115
P070,P074,1,23
P071,P152,1,15
P071,P121,1,24
P024,P087,1,30
P092,P194,1,80
P055,P103,1,70
P107,P181,1,82
P108,P278,1,110
P111,P192,1,46
P065,P121,1,128
P127,P148,1,23
P127,P197,1,10
P111,P130,1,55
P039,P131,1,98
P074,P135,1,42
P066,P140,1,131
P045,P152,1,28
P160,P219,1,49
P122,P172,1,22
P003,P176,1,70
P137,P176,1,24
P125,P186,1,24
P187,P188,1,11
P024,P189,1,19
P090,P191,1,49
P179,P193,1,5
P167,P197,1,60
P208,P279,1,27
P209,P265,1,27
P027,P209,1,33
P121,P210,1,74
P199,P212,1,22
P167,P216,1,75
P206,P220,1,111
P221,P243,1,28
P063,P225,1,12
P008,P226,1,59
P021,P233,1,26
P103,P234,1,98
P148,P245,1,43
P101,P251,1,80
P212,P252,1,11
P071,P257,1,23
P023,P259,1,84
P104,P260,1,8
P251,P260,1,28
P259,P261,1,12
P006,P266,1,64
P217,P272,1,92
P112,P283,1,93
P040,P284,1,45
P090,P285,1,36
P283,P286,1,6
P248,P288,1,40
P033,P293,1,27
P292,P293,1,98
P059,P181,2,8
P059,P223,2,6
P059,P244,2,40
P059,P257,2,14
P066,P083,2,96
P066,P176,2,92
P066,P181,2,23
P066,P203,2,54
P066,P204,2,44
P068,P223,2,55
P068,P239,2,12
P068,P275,2,104
P083,P091,2,12
P083,P135,2,27
P083,P181,2,22
P083,P189,2,10
P083,P203,2,34
P083,P215,2,47
P088,P145,2,93
P088,P181,2,13
P088,P209,2,3
P088,P218,2,58
P088,P240,2,22
P088,P246,2,50
P088,P291,2,37
P091,P240,2,33
P091,P253,2,75
P098,P103,2,3
P098,P135,2,23
P098,P145,2,29
P098,P146,2,26
P098,P161,2,22
P098,P176,2,76
P098,P209,2,95
P098,P232,2,9
P098,P239,2,54
P098,P246,2,17
P098,P257,2,34
P103,P133,2,35
P103,P168,2,26
P103,P215,2,26
P103,P257,2,21
P110,P189,2,34
P118,P181,2,29
P133,P207,2,19
P133,P218,2,30
P133,P239,2,22
P133,P246,2,34
P135,P217,2,31
P135,P218,2,53
P135,P257,2,6
P141,P203,2,32
P141,P209,2,14
P145,P176,2,67
P145,P189,2,26
P145,P218,2,36
P145,P240,2,40
P145,P257,2,24
P145,P275,2,3
P146,P203,2,67
P161,P189,2,19
P161,P203,2,17
P161,P273,2,60
P164,P176,2,12
P164,P239,2,16
P164,P257,2,11
P168,P204,2,84
P168,P217,2,105
P168,P223,2,111
P168,P239,2,9
P168,P244,2,14
P168,P257,2,10
P176,P181,2,40
P176,P217,2,5
P176,P218,2,60
P176,P257,2,70
P181,P189,2,104
P181,P203,2,39
P181,P246,2,7
P181,P258,2,104
P181,P273,2,152
P189,P209,2,74
P189,P223,2,179
P189,P240,2,32
P189,P257,2,36
P189,P275,2,57
P203,P207,2,24
P203,P215,2,100
P203,P239,2,55
P203,P253,2,20
P203,P257,2,35
P204,P215,2,65
P204,P246,2,10
P207,P209,2,46
P207,P218,2,33
P207,P239,2,119
P207,P258,2,23
P207,P275,2,27
P209,P215,2,52
P209,P240,2,104
P209,P244,2,44
P209,P273,2,27
P209,P291,2,29
P217,P223,2,32
P217,P253,2,28
P217,P273,2,49
P218,P223,2,23
P223,P239,2,66
P223,P246,2,89
P223,P275,2,83
P232,P246,2,32
P232,P275,2,78
P239,P240,2,68
P239,P244,2,36
P239,P246,2,98
P240,P257,2,77
P244,P258,2,53
P246,P273,2,44
P246,P275,2,41
P257,P273,2,31
P063,P108,2,6
P063,P154,2,29
P063,P165,2,39
P063,P188,2,66
P063,P201,2,26
P063,P226,2,6
P063,P230,2,62
P063,P234,2,36
P063,P272,2,6
P063,P277,2,43
P063,P287,2,57
P073,P174,2,21
P073,P185,2,14
P073,P199,2,56
P073,P266,2,35
P073,P287,2,50
P080,P108,2,117
P080,P151,2,86
P080,P156,2,58
P080,P174,2,35
P080,P179,2,55
P080,P182,2,14
P080,P199,2,32
P080,P259,2,29
P084,P144,2,20
P084,P160,2,71
P084,P191,2,21
P084,P265,2,96
P084,P277,2,31
P096,P160,2,7
P096,P201,2,84
P096,P206,2,137
P096,P287,2,48
P108,P130,2,9
P108,P156,2,62
P108,P160,2,6
P108,P199,2,5
P108,P201,2,5
P108,P234,2,75
P108,P279,2,4
P119,P194,2,10
P119,P226,2,64
P119,P265,2,70
P119,P266,2,25
P119,P286,2,50
P129,P151,2,45
P129,P160,2,35
P129,P185,2,37
P129,P188,2,34
P129,P199,2,31
P129,P201,2,8
P129,P230,2,24
P129,P234,2,36
P130,P151,2,3
P130,P154,2,30
P130,P199,2,126
P130,P266,2,73
P130,P286,2,62
P144,P151,2,3
P144,P194,2,19
P144,P224,2,29
P144,P265,2,29
P144,P279,2,75
P150,P151,2,41
P150,P154,2,28
P150,P188,2,30
P150,P226,2,9
P150,P248,2,14
P150,P286,2,80
P151,P185,2,20
P151,P224,2,20
P151,P266,2,30
P151,P287,2,17
P154,P230,2,124
P154,P266,2,69
P156,P277,2,13
P160,P182,2,20
P160,P234,2,62
P160,P248,2,61
P160,P277,2,23
P165,P185,2,60
P165,P194,2,53
P165,P201,2,28
P165,P248,2,15
P165,P296,2,24
P174,P188,2,21
P174,P287,2,13
P178,P248,2,20
P179,P182,2,54
P179,P230,2,65
P179,P265,2,75
P182,P185,2,55
P182,P191,2,88
P182,P194,2,14
P182,P231,2,45
P185,P201,2,52
P185,P230,2,22
P185,P248,2,105
P185,P265,2,75
P185,P266,2,30
P185,P277,2,14
P188,P199,2,91
P188,P230,2,27
P188,P296,2,18
P191,P272,2,26
P201,P234,2,13
P201,P248,2,149
P206,P224,2,37
P206,P230,2,58
P206,P287,2,47
P224,P248,2,58
P230,P279,2,22
P234,P248,2,43
P248,P286,2,63
P259,P272,2,19
P259,P279,2,42
P266,P296,2,13
P272,P286,2,23
P051,P052,2,30
P051,P056,2,20
P051,P070,2,142
P051,P085,2,29
P051,P094,2,31
P051,P117,2,32
P051,P124,2,111
P051,P163,2,15
P051,P167,2,47
P051,P211,2,18
P051,P227,2,24
P051,P228,2,4
P051,P242,2,9
P051,P268,2,66
P051,P285,2,21
P052,P079,2,104
P052,P109,2,3
P052,P140,2,36
P052,P221,2,53
P052,P267,2,43
P052,P284,2,17
P056,P057,2,100
P056,P061,2,31
P056,P070,2,78
P056,P079,2,123
P056,P208,2,78
P056,P214,2,78
P056,P227,2,62
P056,P261,2,17
P056,P267,2,15
P056,P298,2,46
P057,P094,2,62
P057,P109,2,19
P057,P116,2,26
P057,P117,2,7
P057,P126,2,98
P057,P158,2,57
P057,P163,2,67
P057,P175,2,20
P057,P214,2,50
P057,P228,2,17
P057,P298,2,136
P061,P192,2,80
P061,P210,2,44
P061,P211,2,77
P061,P268,2,46
P070,P102,2,12
P070,P106,2,22
P070,P158,2,62
P070,P162,2,57
P070,P208,2,16
P070,P228,2,51
P070,P261,2,3
P079,P102,2,28
P079,P134,2,5
P079,P158,2,44
P079,P167,2,65
P079,P175,2,3
P079,P214,2,33
P079,P284,2,74
P085,P162,2,13
P085,P228,2,11
P085,P293,2,68
P094,P106,2,82
P094,P109,2,35
P094,P127,2,29
P094,P268,2,27
P102,P134,2,9
P102,P227,2,6
P106,P175,2,53
P106,P192,2,64
P106,P210,2,91
P106,P242,2,18
P106,P261,2,21
P106,P284,2,80
P106,P293,2,13
P107,P134,2,45
P107,P142,2,13
P107,P211,2,41
P107,P214,2,74
P107,P221,2,102
P107,P251,2,35
P107,P268,2,46
P107,P293,2,38
P109,P284,2,19
P116,P127,2,37
P116,P175,2,43
P116,P228,2,36
P117,P158,2,11
P117,P162,2,39
P117,P167,2,21
P117,P237,2,77
P117,P261,2,38
P117,P284,2,76
P124,P175,2,76
P124,P211,2,32
P124,P214,2,41
P124,P251,2,22
P124,P298,2,19
P125,P175,2,17
P125,P228,2,21
P125,P261,2,21
P126,P127,2,30
P126,P140,2,77
P126,P163,2,47
P126,P267,2,71
P126,P268,2,15
P127,P140,2,75
P127,P192,2,89
P127,P214,2,6
P127,P228,2,6
P134,P162,2,8
P134,P214,2,99
P134,P284,2,66
P140,P163,2,9
P140,P221,2,9
P142,P163,2,56
P142,P192,2,28
P142,P237,2,37
P142,P251,2,138
P158,P237,2,55
P158,P242,2,30
P158,P251,2,34
P162,P214,2,29
P162,P237,2,23
P162,P285,2,120
P163,P210,2,54
P163,P298,2,37
P167,P175,2,47
P167,P208,2,18
P167,P228,2,39
P167,P237,2,46
P167,P242,2,28
P167,P293,2,16
P175,P268,2,12
P175,P284,2,5
P192,P298,2,3
P208,P214,2,48
P208,P242,2,5
P208,P285,2,38
P208,P298,2,29
P210,P284,2,51
P211,P251,2,30
P211,P267,2,7
P214,P228,2,18
P214,P267,2,12
P214,P268,2,132
P227,P237,2,39
P227,P267,2,18
P228,P242,2,9
P228,P261,2,41
P242,P285,2,68
P242,P293,2,15
P251,P267,2,88
P251,P293,2,97
P261,P298,2,64
P268,P284,2,37
P293,P298,2,15
P053,P067,2,25
P053,P082,2,76
P053,P121,2,19
P053,P159,2,64
P053,P172,2,22
P053,P252,2,47
P053,P290,2,27
P064,P081,2,16
P064,P247,2,82
P064,P262,2,68
P067,P180,2,58
P074,P089,2,68
P074,P186,2,43
P074,P200,2,28
P074,P290,2,61
P081,P152,2,29
P082,P086,2,27
P082,P139,2,42
P082,P152,2,30
P082,P159,2,66
P082,P169,2,115
P082,P186,2,99
P082,P252,2,11
P082,P264,2,126
P082,P294,2,16
P086,P169,2,63
P086,P177,2,15
P086,P186,2,50
P086,P195,2,12
P086,P196,2,11
P086,P294,2,68
P089,P090,2,55
P089,P121,2,29
P089,P177,2,31
P089,P200,2,23
P089,P262,2,110
P089,P290,2,42
P090,P152,2,22
P090,P169,2,129
P090,P195,2,20
P090,P249,2,9
P090,P292,2,29
P093,P147,2,91
P093,P200,2,31
P104,P121,2,39
P104,P147,2,68
P104,P180,2,110
P104,P186,2,89
P121,P172,2,12
P121,P200,2,97
P121,P262,2,23
P121,P264,2,30
P121,P290,2,51
P121,P294,2,22
P121,P299,2,12
P139,P152,2,37
P143,P247,2,24
P143,P264,2,119
P143,P290,2,22
P143,P294,2,7
P147,P180,2,28
P147,P186,2,39
P147,P195,2,60
P147,P262,2,44
P147,P264,2,36
P147,P294,2,4
P152,P200,2,162
P152,P278,2,18
P152,P292,2,47
P159,P186,2,18
P159,P190,2,88
P159,P249,2,48
P159,P294,2,44
P169,P186,2,58
P169,P196,2,23
P169,P243,2,12
P172,P180,2,49
P172,P200,2,14
P172,P249,2,121
P172,P252,2,8
P172,P294,2,86
P177,P186,2,15
P177,P262,2,29
P177,P264,2,23
P186,P200,2,75
P186,P249,2,81
P186,P252,2,21
P186,P262,2,4
P186,P299,2,34
P190,P243,2,8
P190,P247,2,26
P195,P294,2,3
P196,P292,2,38
P200,P278,2,76
P200,P290,2,31
P200,P294,2,67
P243,P262,2,16
P247,P249,2,39
P247,P292,2,139
P247,P294,2,79
P247,P299,2,66
P252,P292,2,18
P252,P294,2,33
P264,P278,2,30
P290,P299,2,45
P049,P069,2,29
P049,P111,2,7
P049,P113,2,75
P050,P112,2,60
P050,P148,2,29
P050,P149,2,13
P050,P183,2,37
P054,P112,2,14
P054,P131,2,23
P054,P183,2,56
P054,P255,2,84
P060,P112,2,21
P060,P131,2,48
P060,P137,2,45
P060,P149,2,10
P060,P236,2,20
P062,P111,2,21
P062,P138,2,23
P062,P153,2,60
P062,P222,2,76
P062,P236,2,21
P062,P260,2,134
P069,P076,2,36
P069,P077,2,41
P069,P132,2,59
P075,P111,2,11
P075,P112,2,142
P075,P136,2,91
P075,P149,2,84
P075,P153,2,75
P075,P155,2,42
P075,P170,2,80
P075,P255,2,27
P075,P260,2,43
P076,P078,2,29
P076,P236,2,57
P077,P148,2,8
P077,P155,2,14
P077,P183,2,35
P077,P255,2,30
P077,P271,2,17
P077,P295,2,55
P078,P213,2,108
P092,P111,2,32
P092,P220,2,12
P092,P222,2,47
P099,P256,2,47
P099,P297,2,4
P111,P113,2,79
P111,P295,2,13
P111,P300,2,25
P112,P149,2,19
P112,P255,2,24
P113,P136,2,5
P113,P148,2,78
P113,P241,2,136
P128,P155,2,57
P128,P213,2,30
P128,P220,2,119
P131,P170,2,48
P131,P220,2,91
P131,P222,2,50
P131,P269,2,63
P132,P170,2,120
P136,P300,2,46
P137,P213,2,71
P138,P148,2,14
P138,P213,2,51
P148,P149,2,38
P148,P153,2,7
P148,P166,2,41
P148,P222,2,57
P148,P260,2,77
P149,P213,2,17
P149,P260,2,24
P149,P295,2,54
P149,P297,2,170
P153,P183,2,17
P153,P297,2,33
P166,P297,2,50
P170,P213,2,103
P183,P213,2,30
P183,P220,2,25
P183,P295,2,31
P183,P300,2,36
P213,P220,2,62
P213,P222,2,68
P213,P255,2,71
P220,P241,2,62
P220,P300,2,54
P222,P256,2,18
P222,P300,2,23
P241,P260,2,81
P241,P269,2,6
P255,P297,2,73
P256,P271,2,40
P260,P295,2,51
P271,P297,2,15
P055,P100,2,22
P055,P114,2,31
P055,P173,2,22
P055,P212,2,63
P055,P254,2,17
P055,P280,2,37
P058,P072,2,83
P058,P173,2,44
P058,P225,2,65
P058,P229,2,56
P058,P235,2,29
P058,P250,2,10
P058,P283,2,44
P065,P100,2,76
P065,P280,2,85
P065,P283,2,11
P071,P101,2,40
P071,P122,2,18
P071,P212,2,18
P071,P233,2,64
P071,P235,2,68
P071,P270,2,104
P071,P276,2,178
P071,P288,2,19
P071,P289,2,33
P072,P171,2,67
P072,P216,2,64
P072,P263,2,25
P072,P270,2,54
P072,P281,2,17
P072,P282,2,57
P087,P212,2,96
P087,P233,2,60
P087,P263,2,51
P087,P283,2,42
P087,P289,2,20
P095,P101,2,45
P095,P197,2,77
P095,P198,2,52
P095,P202,2,121
P095,P212,2,21
P095,P229,2,14
P095,P250,2,14
P095,P276,2,93
P097,P114,2,16
P097,P157,2,23
P097,P184,2,3
P097,P212,2,44
P097,P233,2,25
P097,P281,2,32
P097,P283,2,80
P100,P187,2,15
P100,P225,2,26
P100,P245,2,119
P100,P281,2,55
P101,P115,2,46
P101,P157,2,27
P101,P198,2,114
P101,P233,2,17
P101,P245,2,62
P101,P288,2,89
P105,P115,2,16
P105,P198,2,50
P105,P216,2,65
P105,P225,2,46
P105,P233,2,47
P105,P245,2,53
P105,P276,2,50
P114,P187,2,6
P114,P205,2,44
P114,P216,2,24
P114,P270,2,63
P114,P276,2,36
P114,P282,2,16
P114,P288,2,36
P115,P276,2,13
P122,P173,2,25
P122,P238,2,52
P122,P254,2,26
P122,P270,2,53
P122,P283,2,142
P157,P254,2,42
P157,P263,2,21
P157,P283,2,8
P157,P289,2,19
P171,P205,2,102
P171,P280,2,36
P173,P193,2,32
P173,P205,2,62
P173,P233,2,15
P173,P270,2,65
P184,P193,2,8
P184,P197,2,14
P184,P202,2,12
P184,P212,2,24
P184,P225,2,43
P184,P233,2,46
P184,P250,2,109
P184,P270,2,101
P184,P276,2,58
P187,P225,2,13
P187,P238,2,59
P187,P250,2,64
P187,P270,2,22
P187,P274,2,111
P193,P212,2,45
P193,P225,2,48
P193,P283,2,15
P197,P202,2,49
P197,P216,2,18
P198,P263,2,49
P198,P274,2,41
P198,P281,2,42
P202,P282,2,99
P205,P229,2,25
P205,P235,2,35
P205,P282,2,17
P205,P283,2,66
P205,P288,2,3
P212,P219,2,41
P212,P245,2,92
P212,P263,2,49
P212,P274,2,77
P212,P282,2,32
P212,P288,2,36
P216,P225,2,33
P216,P254,2,68
P216,P263,2,43
P219,P276,2,82
P225,P235,2,37
P225,P270,2,14
P225,P274,2,105
P225,P276,2,71
P225,P280,2,50
P225,P283,2,22
P225,P289,2,23
P229,P254,2,17
P229,P283,2,111
P233,P270,2,68
P233,P283,2,40
P235,P254,2,22
P235,P263,2,52
P235,P289,2,80
P245,P254,2,33
P245,P270,2,15
P245,P282,2,54
P250,P270,2,48
P250,P282,2,9
P254,P282,2,83
P263,P274,2,27
P263,P281,2,9
P270,P282,2,23
P274,P289,2,57
P276,P283,2,65
P280,P283,2,56
P282,P283,2,82
P283,P288,2,59
P001,P004,2,125
P001,P007,2,27
P001,P018,2,9
P001,P033,2,15
P004,P009,2,22
P004,P023,2,47
P004,P030,2,61
P004,P047,2,13
P005,P010,2,108
P005,P031,2,21
P005,P033,2,20
P005,P047,2,6
P007,P020,2,125
P007,P031,2,23
P007,P044,2,48
P009,P020,2,67
P009,P033,2,82
P010,P018,2,21
P010,P033,2,88
P010,P041,2,15
P018,P032,2,7
P018,P033,2,24
P020,P027,2,43
P022,P023,2,36
P022,P039,2,20
P023,P032,2,12
P023,P039,2,33
P023,P045,2,84
P027,P030,2,8
P027,P047,2,20
P030,P047,2,61
P032,P045,2,67
P033,P044,2,17
P033,P045,2,26
P002,P016,2,48
P002,P025,2,85
P002,P026,2,16
P002,P038,2,41
P002,P043,2,56
P003,P006,2,30
P003,P029,2,23
P003,P042,2,29
P006,P012,2,22
P006,P013,2,49
P006,P015,2,54
P006,P019,2,8
P006,P021,2,50
P006,P024,2,85
P006,P025,2,36
P006,P029,2,32
P006,P035,2,9
P006,P037,2,19
P006,P042,2,21
P006,P043,2,53
P008,P019,2,51
P008,P029,2,5
P008,P040,2,16
P011,P016,2,5
P011,P019,2,85
P011,P043,2,53
P012,P015,2,10
P012,P016,2,69
P012,P021,2,42
P012,P025,2,33
P012,P034,2,51
P012,P037,2,84
P012,P038,2,40
P012,P040,2,74
P012,P043,2,58
P013,P014,2,55
P013,P015,2,42
P013,P017,2,7
P013,P029,2,36
P013,P042,2,24
P014,P037,2,103
P015,P021,2,87
P015,P034,2,29
P015,P035,2,31
P015,P038,2,109
P015,P048,2,56
P016,P040,2,30
P017,P029,2,6
P019,P025,2,27
P021,P025,2,38
P024,P025,2,48
P024,P028,2,37
P024,P035,2,6
P025,P034,2,36
P025,P042,2,7
P026,P035,2,18
P029,P048,2,90
P034,P035,2,37
P035,P042,2,62
P035,P046,2,24
P035,P048,2,5
P038,P040,2,10
P038,P043,2,8
P040,P048,2,56
P042,P046,2,3
P022,P273,2,83
P022,P135,2,7
P022,P181,2,9
P022,P259,2,43
P022,P188,2,30
P022,P117,2,43
P022,P163,2,68
P022,P140,2,16
P022,P285,2,47
P022,P104,2,9
P022,P121,2,29
P022,P064,2,32
P022,P050,2,161
P022,P236,2,38
P022,P295,2,7
P022,P202,2,73
P022,P101,2,83
P022,P289,2,86
P022,P184,2,103
P006,P022,2,25
P012,P022,2,8
P001,P183,2,16
P002,P199,2,10
P002,P145,2,38
P002,P200,2,28
P002,P064,2,25
P006,P279,2,163
P006,P109,2,27
P006,P184,2,71
P006,P212,2,22
P006,P209,2,73
P007,P236,2,57
P007,P083,2,18
P008,P132,2,44
P009,P214,2,13
P009,P159,2,74
P010,P250,2,32
P010,P116,2,27
P011,P138,2,14
P011,P154,2,61
P011,P027,2,3
P011,P045,2,24
P011,P239,2,65
P014,P236,2,25
P015,P299,2,14
P015,P148,2,115
P015,P261,2,31
P016,P160,2,44
P018,P144,2,70
P018,P263,2,53
P019,P149,2,29
P019,P191,2,19
P019,P185,2,9
P019,P208,2,20
P019,P195,2,29
P019,P231,2,20
P020,P203,2,47
P021,P170,2,22
P022,P281,2,125
P022,P128,2,22
P022,P162,2,72
P022,P072,2,61
P022,P203,2,17
P022,P028,2,34
P022,P258,2,48
P022,P149,2,48
P022,P179,2,55
P022,P168,2,108
P022,P171,2,77
P022,P222,2,8
P022,P132,2,40
P022,P089,2,56
P019,P022,2,142
P024,P263,2,25
P024,P102,2,45
P024,P166,2,31
P024,P133,2,24
P025,P083,2,79
P025,P033,2,22
P025,P121,2,49
P025,P202,2,19
P025,P077,2,25
P028,P241,2,6
P030,P119,2,12
P030,P078,2,7
P033,P262,2,66
P033,P163,2,30
P035,P269,2,173
P012,P039,2,23
P040,P202,2,132
P041,P062,2,41
P029,P041,2,9
P041,P160,2,92
P042,P166,2,55
P042,P112,2,35
P047,P081,2,29
P047,P141,2,25
P046,P047,2,3
P048,P274,2,56
P052,P186,2,37
P052,P274,2,57
P053,P244,2,48
P043,P053,2,53
P053,P141,2,66
P054,P275,2,3
P058,P291,2,129
P060,P204,2,70
P063,P285,2,18
P072,P147,2,65
P072,P170,2,44
P009,P075,2,22
P077,P192,2,29
P077,P280,2,3
P077,P200,2,32
P040,P081,2,101
P086,P175,2,44
P086,P129,2,24
P089,P137,2,23
P097,P213,2,110
P097,P135,2,75
P089,P102,2,53
P104,P284,2,12
P107,P276,2,46
P107,P147,2,52
P040,P108,2,133
P108,P261,2,43
P073,P109,2,9
P119,P196,2,61
P120,P157,2,52
P082,P125,2,10
P023,P127,2,72
P057,P128,2,49
P014,P129,2,84
P112,P129,2,91
P096,P132,2,23
P134,P165,2,51
P135,P179,2,151
P036,P137,2,61
P149,P218,2,39
P074,P156,2,8
P097,P159,2,8
P159,P263,2,16
P123,P160,2,89
P152,P167,2,51
P056,P169,2,84
P026,P176,2,80
P180,P197,2,7
P152,P185,2,97
P096,P186,2,50
P111,P186,2,33
P191,P223,2,3
P005,P193,2,71
P193,P271,2,67
P004,P198,2,51
P127,P204,2,22
P204,P288,2,106
P115,P206,2,63
P082,P209,2,30
P099,P216,2,63
P233,P249,2,50
P234,P264,2,92
P094,P239,2,51
P213,P242,2,17
P222,P244,2,29
P027,P245,2,87
P181,P250,2,81
P252,P286,2,42
P021,P255,2,40
P255,P287,2,33
P225,P257,2,61
P164,P260,2,29
P217,P260,2,28
P095,P264,2,86
P220,P265,2,93
P072,P266,2,3
P082,P272,2,10
P240,P276,2,23
P188,P278,2,24
P011,P282,2,18
P186,P286,2,43
P275,P286,2,70
P277,P294,2,68
P171,P297,2,20
P059,P083,3,7
P059,P273,3,10
P059,P275,3,12
P066,P168,3,42
P066,P215,3,24
P066,P223,3,17
P066,P239,3,16
P068,P083,3,5
P068,P135,3,7
P068,P291,3,8
P083,P133,3,31
P083,P135,3,3
P083,P273,3,9
P088,P145,3,4
P088,P232,3,14
P088,P239,3,3
P088,P275,3,3
P091,P215,3,11
P091,P223,3,3
P098,P146,3,6
P098,P203,3,9
P103,P146,3,13
P103,P168,3,27
P103,P181,3,8
P103,P209,3,3
P103,P246,3,3
P110,P146,3,5
P110,P203,3,9
P118,P135,3,11
P118,P258,3,27
P118,P275,3,8
P133,P145,3,46
P133,P203,3,18
P133,P258,3,5
P135,P164,3,3
P135,P203,3,15
P135,P207,3,22
P135,P215,3,19
P135,P273,3,26
P141,P145,3,6
P141,P246,3,15
P145,P164,3,14
P145,P203,3,3
P145,P204,3,21
P145,P215,3,3
P146,P244,3,3
P161,P217,3,17
P164,P168,3,18
P164,P181,3,14
P164,P215,3,5
P164,P240,3,13
P168,P203,3,31
P168,P232,3,17
P176,P204,3,3
P176,P215,3,5
P176,P217,3,21
P176,P223,3,9
P176,P240,3,12
P176,P275,3,11
P181,P203,3,13
P181,P207,3,3
P181,P215,3,3
P181,P244,3,20
P189,P203,3,6
P189,P258,3,7
P189,P275,3,12
P203,P209,3,12
P203,P244,3,15
P204,P291,3,21
P207,P217,3,11
P209,P239,3,14
P209,P253,3,15
P209,P291,3,14
P215,P217,3,3
P215,P223,3,6
P215,P244,3,26
P215,P258,3,7
P217,P223,3,15
P218,P244,3,9
P218,P258,3,45
P218,P291,3,13
P223,P244,3,14
P223,P258,3,9
P244,P258,3,3
P253,P257,3,10
P258,P291,3,8
P063,P201,3,45
P073,P130,3,24
P073,P224,3,14
P073,P226,3,6
P073,P234,3,18
P073,P287,3,12
P080,P150,3,3
P080,P179,3,3
P080,P188,3,11
P080,P224,3,17
P080,P248,3,8
P080,P296,3,6
P084,P165,3,10
P084,P185,3,12
P084,P191,3,3
P084,P194,3,7
P084,P272,3,6
P096,P165,3,3
P096,P185,3,12
P096,P191,3,27
P096,P199,3,11
P096,P234,3,3
P096,P265,3,3
P096,P287,3,4
P108,P151,3,4
P108,P279,3,3
P119,P174,3,9
P119,P182,3,6
P119,P194,3,7
P119,P266,3,9
P119,P272,3,15
P119,P277,3,3
P119,P279,3,17
P129,P174,3,18
P129,P178,3,14
P129,P226,3,21
P129,P231,3,4
P129,P265,3,14
P129,P266,3,13
P130,P165,3,3
P130,P179,3,25
P130,P226,3,12
P130,P231,3,4
P130,P234,3,5
P130,P287,3,31
P144,P178,3,10
P144,P182,3,4
P144,P234,3,3
P144,P277,3,6
P150,P160,3,32
P150,P230,3,6
P150,P287,3,12
P151,P230,3,18
P151,P231,3,27
P154,P156,3,4
P154,P178,3,13
P154,P188,3,23
P154,P201,3,40
P154,P224,3,4
P154,P265,3,10
P156,P182,3,5
P160,P279,3,29
P165,P272,3,3
P165,P277,3,30
P165,P296,3,4
P174,P199,3,11
P174,P206,3,6
P174,P231,3,6
P174,P277,3,6
P174,P287,3,25
P178,P265,3,8
P179,P206,3,19
P179,P230,3,10
P179,P277,3,15
P182,P266,3,18
P182,P277,3,23
P185,P286,3,25
P185,P296,3,9
P188,P206,3,3
P188,P231,3,24
P191,P194,3,26
P191,P266,3,16
P191,P296,3,13
P194,P226,3,9
P194,P277,3,6
P199,P224,3,3
P199,P226,3,30
P199,P272,3,19
P201,P206,3,3
P201,P234,3,8
P201,P277,3,4
P201,P287,3,19
P206,P279,3,14
P224,P226,3,16
P226,P230,3,5
P226,P272,3,30
P230,P231,3,6
P230,P234,3,3
P231,P265,3,9
P234,P265,3,41
P234,P286,3,15
P248,P266,3,3
P265,P266,3,11
P051,P107,3,11
P051,P134,3,11
P051,P140,3,6
P051,P162,3,7
P051,P211,3,22
P051,P221,3,14
P051,P261,3,3
P052,P106,3,3
P052,P210,3,15
P056,P061,3,6
P056,P085,3,15
P056,P102,3,6
P056,P116,3,27
P056,P125,3,17
P056,P126,3,3
P056,P175,3,23
P056,P208,3,21
P056,P251,3,16
P056,P284,3,12
P057,P163,3,10
P057,P242,3,12
P061,P106,3,6
P061,P134,3,5
P061,P162,3,6
P061,P167,3,3
P061,P192,3,32
P061,P227,3,10
P061,P242,3,4
P061,P284,3,18
P061,P285,3,22
P070,P106,3,3
P070,P127,3,15
P070,P162,3,19
P070,P261,3,5
P070,P298,3,15
P079,P109,3,3
P079,P123,3,15
P079,P134,3,42
P079,P251,3,29
P079,P268,3,11
P079,P293,3,27
P085,P109,3,11
P085,P126,3,39
P085,P158,3,16
P085,P237,3,7
P085,P261,3,16
P094,P107,3,8
P094,P125,3,4
P094,P167,3,3
P094,P228,3,12
P094,P237,3,34
P094,P251,3,22
P094,P293,3,9
P102,P107,3,14
P102,P117,3,23
P102,P167,3,9
P102,P192,3,27
P102,P242,3,6
P102,P261,3,7
P106,P116,3,7
P106,P127,3,9
P106,P175,3,18
P106,P242,3,10
P106,P251,3,4
P106,P261,3,6
P106,P284,3,10
P106,P298,3,19
P107,P109,3,8
P107,P123,3,8
P107,P127,3,4
P107,P134,3,4
P107,P140,3,5
P107,P162,3,12
P109,P117,3,9
P109,P140,3,9
P109,P167,3,17
P109,P192,3,3
P109,P228,3,9
P109,P285,3,38
P109,P298,3,8
P116,P126,3,26
P116,P158,3,18
P116,P268,3,10
P117,P125,3,16
P117,P140,3,3
P117,P175,3,30
P117,P293,3,15
P123,P142,3,10
P123,P298,3,38
P124,P127,3,7
P124,P192,3,10
P124,P298,3,18
P125,P163,3,24
P125,P261,3,13
P126,P142,3,21
P126,P163,3,28
P126,P208,3,9
P126,P221,3,39
P127,P134,3,3
P127,P142,3,4
P127,P158,3,10
P127,P167,3,23
P127,P175,3,3
P127,P192,3,17
P127,P261,3,14
P127,P285,3,22
P134,P221,3,25
P134,P285,3,6
P140,P163,3,27
P140,P175,3,20
P140,P227,3,17
P140,P298,3,29
P142,P221,3,21
P158,P251,3,4
P158,P267,3,12
P158,P284,3,8
P162,P251,3,12
P163,P167,3,38
P163,P211,3,10
P163,P214,3,34
P163,P227,3,17
P167,P261,3,33
P167,P285,3,4
P175,P208,3,4
P192,P221,3,12
P192,P227,3,18
P192,P261,3,3
P208,P237,3,4
P208,P242,3,23
P208,P251,3,3
P208,P268,3,7
P210,P267,3,8
P211,P221,3,27
P211,P251,3,9
P211,P261,3,5
P211,P267,3,5
P211,P285,3,5
P214,P242,3,22
P227,P242,3,22
P227,P267,3,13
P227,P268,3,23
P228,P284,3,16
P242,P285,3,29
P242,P293,3,12
P285,P298,3,22
P053,P089,3,8
P053,P090,3,3
P053,P177,3,4
P053,P195,3,3
P053,P243,3,7
P053,P264,3,9
P053,P292,3,3
P053,P294,3,13
P053,P299,3,9
P064,P169,3,3
P064,P180,3,6
P064,P243,3,4
P067,P082,3,6
P067,P104,3,20
P067,P169,3,3
P067,P177,3,12
P074,P089,3,19
P074,P090,3,10
P074,P196,3,9
P074,P278,3,10
P081,P090,3,10
P081,P093,3,31
P081,P177,3,3
P081,P290,3,3
P082,P299,3,13
P086,P169,3,42
P086,P264,3,18
P089,P104,3,10
P089,P169,3,43
P089,P177,3,8
P090,P104,3,25
P090,P247,3,6
P090,P249,3,16
P090,P264,3,7
P093,P247,3,3
P093,P249,3,3
P093,P292,3,10
P104,P139,3,3
P104,P147,3,16
P104,P186,3,36
P104,P247,3,11
P104,P252,3,18
P104,P264,3,16
P121,P249,3,45
P139,P294,3,7
P143,P147,3,3
P143,P249,3,19
P147,P247,3,13
P152,P200,3,3
P152,P294,3,4
P159,P180,3,5
P159,P243,3,29
P159,P247,3,3
P159,P262,3,18
P159,P278,3,15
P169,P249,3,21
P169,P262,3,13
P172,P200,3,22
P172,P247,3,10
P177,P264,3,3
P180,P186,3,33
P180,P190,3,34
P180,P243,3,15
P180,P294,3,12
P186,P200,3,5
P196,P264,3,15
P200,P247,3,3
P243,P294,3,11
P278,P294,3,3
P049,P076,3,12
P049,P092,3,5
P049,P136,3,6
P049,P183,3,9
P050,P054,3,16
P050,P078,3,3
P050,P138,3,9
P050,P183,3,10
P050,P213,3,27
P050,P222,3,21
P050,P295,3,20
P054,P099,3,27
P054,P112,3,23
P054,P255,3,3
P060,P075,3,6
P060,P111,3,36
P060,P120,3,21
P060,P128,3,23
P060,P153,3,9
P060,P295,3,18
P062,P099,3,4
P062,P137,3,17
P062,P138,3,16
P062,P183,3,3
P062,P271,3,13
P069,P078,3,3
P069,P153,3,7
P069,P295,3,3
P075,P076,3,5
P075,P111,3,13
P075,P113,3,14
P075,P166,3,5
P075,P220,3,21
P075,P295,3,18
P075,P297,3,6
P076,P128,3,37
P076,P300,3,14
P078,P112,3,3
P078,P260,3,24
P092,P138,3,7
P092,P148,3,20
P099,P137,3,8
P099,P271,3,17
P112,P128,3,13
P112,P155,3,3
P113,P148,3,21
P113,P155,3,6
P113,P269,3,27
P120,P128,3,17
P120,P149,3,3
P120,P220,3,5
P120,P271,3,8
P128,P131,3,8
P128,P137,3,5
P128,P241,3,4
P128,P271,3,30
P128,P295,3,13
P128,P300,3,14
P131,P295,3,15
P132,P138,3,4
P132,P170,3,3
P136,P236,3,3
P137,P148,3,12
P137,P153,3,12
P137,P297,3,3
P138,P155,3,9
P148,P297,3,9
P149,P183,3,3
P149,P269,3,21
P149,P271,3,23
P155,P256,3,3
P155,P271,3,14
P155,P297,3,13
P183,P297,3,14
P183,P300,3,6
P213,P222,3,11
P213,P256,3,24
P213,P260,3,31
P220,P256,3,9
P220,P260,3,15
P220,P269,3,13
P222,P241,3,18
P222,P256,3,8
P222,P297,3,23
P222,P300,3,7
P255,P260,3,15
P260,P295,3,8
P269,P297,3,19
P295,P297,3,10
P055,P071,3,12
P055,P072,3,6
P055,P101,3,4
P055,P105,3,28
P055,P219,3,14
P055,P225,3,25
P055,P229,3,4
P058,P071,3,24
P058,P114,3,11
P058,P238,3,7
P058,P282,3,13
P058,P283,3,6
P065,P087,3,15
P065,P095,3,23
P065,P101,3,40
P065,P274,3,19
P071,P095,3,34
P071,P115,3,35
P071,P197,3,15
P071,P212,3,53
P071,P216,3,4
P071,P235,3,6
P072,P095,3,20
P072,P100,3,3
P072,P114,3,21
P072,P171,3,24
P072,P235,3,4
P072,P282,3,8
P072,P289,3,21
P087,P184,3,4
P087,P187,3,3
P087,P205,3,9
P087,P229,3,8
P087,P250,3,22
P087,P280,3,6
P087,P282,3,3
P087,P289,3,8
P095,P097,3,6
P095,P115,3,9
P095,P157,3,21
P095,P171,3,9
P095,P184,3,30
P095,P187,3,19
P095,P197,3,9
P095,P245,3,29
P095,P289,3,3
P097,P171,3,13
P097,P202,3,15
P097,P254,3,9
P097,P270,3,12
P097,P281,3,13
P097,P282,3,14
P100,P105,3,5
P100,P212,3,16
P101,P114,3,21
P101,P122,3,11
P101,P197,3,9
P101,P205,3,13
P101,P276,3,4
P101,P281,3,3
P105,P205,3,10
P105,P238,3,17
P105,P263,3,18
P105,P280,3,21
P105,P283,3,15
P105,P288,3,46
P114,P173,3,3
P114,P184,3,20
P114,P187,3,10
P114,P197,3,4
P114,P219,3,7
P114,P274,3,21
P114,P282,3,9
P115,P202,3,21
P115,P254,3,10
P115,P281,3,21
P115,P288,3,16
P122,P193,3,9
P122,P245,3,6
P157,P254,3,6
P157,P289,3,9
P171,P238,3,14
P171,P280,3,8
P173,P216,3,22
P173,P238,3,17
P173,P263,3,5
P173,P274,3,6
P173,P281,3,15
P173,P282,3,22
P184,P193,3,3
P184,P198,3,23
P184,P202,3,3
P184,P229,3,6
P184,P245,3,6
P184,P254,3,21
P184,P276,3,11
P184,P282,3,12
P184,P289,3,3
P187,P197,3,14
P187,P282,3,11
P193,P212,3,3
P193,P235,3,18
P197,P216,3,4
P198,P202,3,23
P198,P205,3,27
P198,P216,3,12
P202,P216,3,11
P216,P233,3,3
P216,P235,3,6
P216,P245,3,26
P216,P276,3,36
P216,P283,3,11
P219,P238,3,3
P225,P276,3,22
P225,P281,3,17
P225,P282,3,18
P225,P289,3,17
P229,P270,3,10
P233,P274,3,3
P238,P274,3,8
P245,P263,3,9
P245,P276,3,13
P250,P274,3,10
P250,P276,3,12
P254,P270,3,5
P263,P276,3,11
P274,P280,3,30
P001,P005,3,5
P001,P031,3,33
P001,P032,3,14
P004,P010,3,3
P004,P039,3,32
P004,P047,3,15
P005,P010,3,15
P005,P041,3,8
P007,P027,3,14
P007,P036,3,8
P009,P010,3,8
P009,P020,3,6
P010,P047,3,29
P020,P036,3,4
P020,P039,3,15
P020,P047,3,23
P027,P047,3,5
P036,P044,3,14
P036,P047,3,18
P039,P041,3,16
P044,P047,3,21
P045,P047,3,9
P002,P003,3,7
P002,P024,3,9
P002,P046,3,4
P002,P048,3,9
P003,P014,3,15
P003,P029,3,11
P003,P037,3,3
P003,P043,3,10
P006,P012,3,9
P006,P040,3,3
P008,P015,3,5
P008,P040,3,12
P008,P042,3,3
P008,P043,3,55
P011,P016,3,6
P011,P035,3,25
P012,P017,3,5
P012,P024,3,3
P012,P028,3,3
P012,P037,3,22
P012,P046,3,3
P012,P048,3,7
P013,P029,3,7
P014,P019,3,15
P014,P034,3,35
P016,P017,3,23
P017,P046,3,26
P019,P026,3,4
P019,P034,3,17
P019,P035,3,23
P019,P040,3,22
P021,P026,3,7
P021,P028,3,44
P021,P029,3,30
P021,P038,3,22
P024,P029,3,3
P024,P034,3,19
P024,P035,3,14
P024,P043,3,14
P024,P046,3,5
P028,P029,3,16
P028,P037,3,5
P028,P042,3,12
P029,P046,3,3
P029,P048,3,10
P034,P035,3,3
P035,P040,3,17
P035,P046,3,5
P037,P040,3,11
P037,P046,3,24
P040,P042,3,11
P040,P048,3,9
P022,P133,3,9
P022,P098,3,3
P022,P215,3,9
P022,P161,3,9
P022,P248,3,13
P022,P084,3,32
P022,P158,3,7
P022,P107,3,29
P022,P228,3,47
P022,P195,3,3
P022,P177,3,14
P022,P104,3,13
P022,P213,3,8
P022,P112,3,34
P022,P260,3,14
P022,P297,3,15
P022,P280,3,3
P022,P274,3,14
P022,P276,3,19
P022,P216,3,6
P022,P038,3,8
P001,P150,3,3
P001,P138,3,8
P002,P281,3,12
P005,P207,3,13
P005,P229,3,32
P005,P231,3,12
P005,P156,3,19
P007,P071,3,11
P008,P190,3,6
P008,P116,3,9
P008,P085,3,7
P012,P114,3,35
P012,P273,3,4
P013,P285,3,3
P013,P169,3,10
P016,P063,3,17
P018,P235,3,14
P012,P018,3,5
P018,P222,3,8
P018,P028,3,15
P020,P159,3,7
P020,P156,3,15
P021,P241,3,18
P021,P248,3,10
P022,P149,3,38
P022,P247,3,28
P022,P235,3,6
P022,P139,3,25
P022,P194,3,11
P022,P268,3,13
P022,P065,3,7
P022,P207,3,15
P022,P189,3,9
P022,P127,3,15
P022,P271,3,23
P022,P052,3,3
P022,P071,3,7
P022,P267,3,19
P022,P172,3,5
P022,P105,3,4
P022,P258,3,25
P022,P191,3,24
P022,P292,3,18
P022,P130,3,5
P022,P275,3,27
P022,P115,3,6
P026,P281,3,30
P029,P041,3,14
P030,P089,3,3
P031,P220,3,12
P033,P152,3,9
P037,P111,3,3
P041,P062,3,14
P044,P251,3,3
P044,P170,3,21
P045,P069,3,4
P047,P089,3,12
P047,P055,3,9
P057,P283,3,5
P031,P058,3,9
P061,P297,3,17
P066,P263,3,9
P061,P072,3,28
P050,P072,3,7
P075,P290,3,5
P066,P084,3,16
P073,P087,3,11
P094,P232,3,13
P056,P105,3,21
P046,P107,3,27
P109,P145,3,10
P113,P135,3,5
P119,P235,3,13
P119,P237,3,7
P078,P119,3,22
P121,P131,3,14
P152,P234,3,3
P153,P254,3,18
P163,P176,3,7
P076,P167,3,3
P010,P175,3,7
P084,P176,3,23
P099,P179,3,7
P183,P232,3,8
P115,P186,3,21
P036,P189,3,10
P149,P189,3,3
P072,P189,3,18
P198,P295,3,3
P023,P201,3,28
P205,P261,3,14
P189,P206,3,18
P209,P296,3,5
P029,P210,3,9
P014,P216,3,5
P041,P222,3,13
P087,P234,3,11
P046,P240,3,3
P129,P242,3,24
P108,P243,3,5
P015,P246,3,3
P072,P248,3,4
P058,P248,3,22
P219,P249,3,16
P209,P251,3,13
P137,P254,3,12
P037,P255,3,19
P026,P256,3,27
P014,P257,3,19
P121,P268,3,19
P197,P272,3,18
P096,P278,3,3
P052,P278,3,27
P264,P279,3,11
P030,P283,3,7
P285,P290,3,21
P204,P294,3,11
P228,P295,3,14
P195,P298,3,42
P196,P298,3,30
P059,P088,4,3
P059,P146,4,4
P059,P275,4,12
P066,P168,4,5
P066,P176,4,3
P068,P218,4,6
P083,P088,4,8
P083,P091,4,13
P083,P103,4,3
P083,P161,4,3
P083,P223,4,8
P083,P239,4,24
P088,P098,4,24
P088,P118,4,3
P088,P189,4,4
P088,P239,4,3
P088,P273,4,6
P091,P141,4,4
P098,P207,4,6
P103,P135,4,3
P103,P203,4,3
P103,P204,4,6
P110,P218,4,4
P118,P215,4,4
P118,P218,4,3
P133,P145,4,6
P133,P161,4,7
P133,P240,4,3
P133,P244,4,8
P133,P258,4,6
P135,P168,4,6
P135,P189,4,3
P135,P240,4,7
P135,P275,4,3
P141,P189,4,5
P141,P207,4,6
P141,P209,4,9
P141,P232,4,4
P145,P203,4,7
P145,P204,4,12
P145,P258,4,14
P145,P273,4,3
P146,P217,4,10
P146,P246,4,3
P161,P181,4,5
P161,P207,4,5
P161,P217,4,8
P164,P207,4,10
P164,P209,4,7
P164,P223,4,11
P164,P246,4,3
P168,P204,4,7
P168,P257,4,3
P176,P209,4,5
P176,P218,4,9
P176,P275,4,3
P181,P204,4,9
P181,P218,4,10
P204,P215,4,8
P204,P273,4,3
P204,P291,4,4
P207,P257,4,10
P215,P273,4,4
P217,P218,4,3
P218,P244,4,4
P218,P273,4,6
P218,P275,4,26
P223,P240,4,7
P223,P246,4,3
P223,P275,4,5
P232,P275,4,8
P240,P253,4,3
P240,P273,4,4
P244,P246,4,4
P244,P275,4,3
P253,P258,4,3
P073,P179,4,3
P080,P144,4,14
P080,P151,4,10
P080,P199,4,25
P080,P201,4,3
P080,P230,4,11
P084,P150,4,6
P084,P179,4,7
P084,P182,4,11
P084,P199,4,9
P084,P224,4,3
P084,P259,4,5
P084,P272,4,11
P084,P279,4,10
P084,P286,4,8
P084,P287,4,8
P096,P129,4,6
P096,P199,4,15
P108,P174,4,9
P119,P174,4,10
P119,P230,4,3
P119,P234,4,9
P119,P248,4,9
P119,P265,4,12
P129,P178,4,5
P130,P201,4,5
P130,P266,4,12
P144,P224,4,4
P144,P230,4,19
P144,P265,4,3
P150,P179,4,3
P150,P188,4,15
P150,P199,4,10
P150,P231,4,3
P150,P234,4,19
P150,P266,4,15
P150,P279,4,4
P151,P188,4,11
P151,P277,4,5
P154,P174,4,7
P154,P178,4,3
P154,P287,4,3
P156,P165,4,8
P156,P201,4,15
P156,P266,4,4
P156,P279,4,4
P160,P182,4,3
P160,P296,4,5
P165,P231,4,4
P165,P287,4,3
P174,P188,4,3
P174,P191,4,18
P174,P206,4,11
P174,P234,4,11
P174,P296,4,11
P178,P182,4,3
P178,P279,4,5
P178,P296,4,6
P179,P188,4,5
P179,P194,4,3
P179,P199,4,4
P179,P226,4,3
P179,P266,4,9
P179,P277,4,3
P179,P286,4,11
P179,P287,4,8
P182,P224,4,4
P182,P230,4,3
P188,P226,4,6
P188,P266,4,3
P188,P272,4,3
P191,P201,4,8
P191,P231,4,4
P191,P266,4,6
P191,P279,4,3
P194,P286,4,6
P199,P206,4,4
P199,P265,4,4
P201,P230,4,7
P206,P226,4,3
P224,P248,4,14
P224,P265,4,10
P226,P265,4,3
P226,P296,4,7
P230,P259,4,3
P230,P272,4,16
P230,P296,4,8
P231,P266,4,6
P231,P287,4,6
P248,P266,4,4
P279,P287,4,3
P051,P061,4,3
P051,P126,4,4
P051,P127,4,3
P051,P162,4,7
P051,P227,4,4
P051,P228,4,3
P051,P284,4,7
P052,P109,4,5
P052,P125,4,8
P052,P251,4,4
P052,P284,4,13
P056,P079,4,14
P056,P125,4,3
P056,P127,4,5
P056,P175,4,13
P056,P208,4,11
P056,P242,4,5
P057,P102,4,12
P057,P285,4,19
P061,P085,4,3
P061,P107,4,3
P061,P163,4,16
P061,P242,4,6
P070,P109,4,7
P070,P125,4,3
P070,P134,4,12
P070,P140,4,5
P070,P142,4,10
P070,P162,4,3
P070,P192,4,5
P070,P261,4,19
P079,P094,4,17
P079,P102,4,3
P079,P116,4,3
P079,P134,4,10
P079,P140,4,23
P079,P142,4,8
P079,P251,4,4
P085,P107,4,5
P085,P125,4,5
P085,P126,4,4
P085,P211,4,4
P085,P242,4,8
P094,P126,4,11
P094,P127,4,7
P094,P142,4,3
P094,P192,4,4
P094,P293,4,9
P102,P109,4,6
P102,P158,4,5
P102,P167,4,11
P102,P208,4,3
P102,P261,4,8
P102,P268,4,3
P102,P284,4,3
P102,P293,4,4
P106,P117,4,7
P106,P127,4,3
P106,P142,4,4
P106,P162,4,3
P106,P211,4,6
P106,P221,4,3
P107,P124,4,10
P107,P162,4,7
P107,P208,4,7
P107,P293,4,8
P109,P142,4,3
P109,P227,4,4
P116,P117,4,8
P116,P126,4,4
P116,P134,4,12
P116,P208,4,3
P116,P210,4,5
P116,P227,4,6
P116,P242,4,4
P116,P293,4,7
P117,P158,4,12
P117,P162,4,5
P117,P167,4,5
P123,P162,4,16
P123,P211,4,8
P123,P242,4,4
P123,P284,4,12
P124,P134,4,3
P124,P163,4,4
P124,P175,4,3
P124,P261,4,9
P124,P284,4,11
P124,P293,4,12
P124,P298,4,9
P125,P126,4,3
P125,P208,4,15
P125,P227,4,20
P125,P228,4,3
P125,P261,4,9
P126,P134,4,18
P126,P211,4,3
P126,P242,4,14
P127,P134,4,5
P127,P142,4,10
P127,P163,4,4
P127,P167,4,4
P127,P192,4,3
P127,P210,4,3
P127,P214,4,11
P134,P167,4,3
P134,P175,4,4
P134,P228,4,18
P140,P163,4,10
P140,P175,4,5
P140,P298,4,12
P142,P210,4,6
P142,P242,4,8
P158,P192,4,3
P162,P221,4,14
P162,P242,4,9
P163,P167,4,3
P163,P208,4,11
P163,P261,4,15
P167,P175,4,9
P167,P211,4,6
P167,P228,4,9
P167,P242,4,11
P167,P251,4,6
P175,P237,4,13
P175,P298,4,5
P192,P208,4,5
P192,P267,4,3
P208,P237,4,6
P211,P227,4,4
P211,P268,4,10
P211,P293,4,3
P214,P221,4,6
P221,P284,4,4
P227,P268,4,8
P242,P251,4,10
P242,P267,4,4
P242,P268,4,3
P242,P284,4,10
P268,P293,4,4
P284,P285,4,3
P053,P064,4,4
P053,P067,4,6
P053,P104,4,3
P053,P139,4,8
P053,P159,4,9
P053,P172,4,5
P053,P190,4,8
P053,P249,4,3
P064,P262,4,4
P064,P290,4,12
P064,P299,4,4
P067,P104,4,6
P067,P159,4,5
P067,P243,4,3
P067,P264,4,5
P074,P090,4,9
P074,P104,4,3
P074,P243,4,8
P074,P247,4,3
P074,P294,4,13
P081,P089,4,5
P081,P104,4,3
P081,P121,4,3
P081,P180,4,6
P081,P190,4,3
P081,P247,4,4
P082,P121,4,3
P086,P121,4,6
P086,P169,4,3
P086,P195,4,3
P089,P143,4,15
P089,P159,4,7
P089,P169,4,3
P089,P195,4,5
P089,P249,4,15
P089,P278,4,3
P090,P104,4,3
P090,P147,4,10
P090,P152,4,3
P090,P159,4,11
P093,P177,4,29
P093,P200,4,10
P093,P247,4,7
P104,P121,4,12
P104,P180,4,7
P104,P249,4,24
P121,P249,4,6
P121,P252,4,3
P139,P159,4,8
P139,P177,4,4
P139,P249,4,9
P143,P159,4,7
P143,P180,4,4
P143,P292,4,8
P147,P177,4,4
P147,P278,4,5
P159,P195,4,6
P159,P249,4,3
P169,P172,4,16
P169,P190,4,12
P169,P294,4,3
P172,P180,4,3
P172,P200,4,3
P180,P249,4,8
P190,P292,4,18
P243,P294,4,15
P249,P278,4,9
P252,P299,4,4
P262,P299,4,20
P264,P299,4,7
P290,P299,4,8
P049,P075,4,19
P049,P092,4,5
P049,P136,4,3
P049,P138,4,14
P049,P148,4,4
P049,P256,4,4
P049,P300,4,3
P050,P069,4,19
P050,P092,4,4
P050,P113,4,5
P050,P183,4,20
P050,P260,4,3
P050,P300,4,12
P054,P099,4,3
P054,P120,4,3
P054,P128,4,8
P054,P170,4,5
P054,P269,4,13
P054,P295,4,5
P060,P075,4,3
P060,P132,4,5
P060,P155,4,15
P062,P092,4,7
P062,P131,4,10
P062,P136,4,5
P062,P138,4,3
P069,P149,4,6
P069,P170,4,4
P069,P269,4,7
P075,P077,4,14
P075,P113,4,3
P075,P220,4,3
P076,P112,4,7
P076,P132,4,5
P076,P166,4,13
P076,P213,4,11
P077,P153,4,4
P077,P222,4,10
P077,P241,4,4
P078,P099,4,25
P078,P153,4,3
P078,P222,4,6
P092,P241,4,8
P092,P256,4,7
P092,P295,4,11
P092,P297,4,13
P099,P136,4,7
P099,P148,4,8
P099,P153,4,3
P099,P213,4,4
P099,P222,4,6
P099,P241,4,6
P099,P295,4,6
P112,P113,4,12
P112,P120,4,8
P112,P236,4,3
P113,P132,4,3
P120,P170,4,5
P120,P300,4,6
P128,P136,4,3
P128,P153,4,13
P131,P166,4,9
P131,P222,4,4
P132,P137,4,12
P136,P269,4,3
P136,P295,4,16
P137,P153,4,3
P137,P297,4,3
P138,P170,4,9
P138,P300,4,4
P148,P149,4,10
P148,P220,4,3
P148,P236,4,7
P149,P297,4,5
P155,P256,4,4
P166,P183,4,15
P170,P297,4,3
P170,P300,4,16
P183,P213,4,7
P183,P295,4,5
P213,P222,4,15
P213,P236,4,5
P213,P256,4,12
P220,P236,4,3
P220,P297,4,3
P220,P300,4,3
P222,P260,4,7
P236,P260,4,11
P236,P269,4,3
P236,P295,4,5
P256,P260,4,10
P260,P297,4,3
P271,P300,4,5
P297,P300,4,3
P055,P071,4,11
P055,P100,4,4
P055,P157,4,13
P055,P173,4,7
P055,P282,4,3
P058,P087,4,4
P058,P270,4,3
P065,P071,4,3
P065,P095,4,3
P065,P101,4,3
P065,P202,4,5
P065,P225,4,3
P065,P250,4,5
P065,P263,4,7
P065,P283,4,8
P071,P198,4,8
P071,P225,4,6
P071,P235,4,4
P072,P105,4,10
P072,P187,4,4
P072,P225,4,12
P072,P280,4,3
P072,P283,4,28
P087,P095,4,7
P087,P105,4,5
P087,P205,4,11
P087,P233,4,3
P087,P289,4,13
P095,P101,4,3
P095,P184,4,18
P095,P198,4,3
P095,P216,4,3
P095,P235,4,4
P095,P245,4,7
P095,P276,4,8
P095,P281,4,3
P095,P288,4,4
P097,P114,4,7
P097,P184,4,5
P097,P193,4,8
P097,P270,4,10
P100,P105,4,12
P100,P187,4,13
P100,P235,4,3
P101,P115,4,8
P101,P219,4,13
P101,P289,4,3
P105,P193,4,6
P105,P198,4,3
P105,P225,4,3
P105,P235,4,3
P105,P245,4,5
P105,P250,4,19
P105,P270,4,5
P114,P122,4,8
P114,P245,4,4
P114,P254,4,8
P114,P274,4,6
P114,P276,4,4
P114,P282,4,3
P114,P289,4,8
P115,P263,4,4
P115,P276,4,3
P122,P229,4,10
P122,P254,4,7
P122,P270,4,4
P157,P202,4,4
P157,P254,4,6
P171,P173,4,7
P171,P198,4,3
P171,P212,4,10
P171,P235,4,6
P171,P238,4,3
P171,P254,4,6
P173,P193,4,3
P173,P235,4,5
P173,P280,4,7
P173,P288,4,3
P184,P233,4,12
P184,P280,4,9
P184,P282,4,4
P184,P283,4,11
P184,P288,4,3
P187,P202,4,3
P187,P216,4,3
P187,P276,4,3
P187,P281,4,4
P187,P282,4,10
P193,P205,4,5
P193,P235,4,4
P197,P198,4,9
P198,P216,4,5
P198,P238,4,7
P198,P281,4,3
P202,P270,4,10
P205,P219,4,3
P205,P281,4,6
P205,P283,4,11
P212,P238,4,9
P219,P270,4,3
P219,P289,4,4
P225,P263,4,22
P225,P274,4,6
P229,P282,4,26
P235,P270,4,3
P235,P288,4,3
P238,P250,4,3
P238,P281,4,7
P250,P270,4,3
P250,P276,4,3
P254,P276,4,6
P270,P283,4,6
P281,P282,4,10
P281,P289,4,4
P283,P288,4,4
P288,P289,4,3
P001,P004,4,8
P001,P018,4,5
P001,P020,4,7
P001,P023,4,7
P001,P032,4,4
P001,P044,4,8
P004,P023,4,3
P005,P010,4,3
P005,P030,4,7
P005,P032,4,7
P005,P044,4,17
P009,P022,4,3
P009,P030,4,11
P009,P031,4,4
P009,P036,4,16
P009,P047,4,12
P010,P018,4,17
P018,P023,4,6
P020,P044,4,7
P022,P023,4,11
P023,P032,4,7
P023,P039,4,3
P027,P031,4,12
P030,P036,4,3
P030,P039,4,10
P032,P044,4,13
P039,P044,4,13
P039,P047,4,15
P041,P047,4,11
P002,P006,4,8
P002,P012,4,10
P002,P017,4,3
P002,P040,4,3
P003,P012,4,18
P003,P028,4,3
P008,P021,4,6
P008,P024,4,3
P008,P040,4,14
P008,P043,4,6
P011,P013,4,8
P012,P043,4,3
P013,P014,4,7
P013,P019,4,5
P013,P043,4,4
P014,P029,4,4
P014,P037,4,3
P016,P019,4,9
P016,P029,4,8
P016,P040,4,9
P017,P028,4,3
P017,P040,4,11
P017,P048,4,3
P019,P034,4,7
P019,P035,4,17
P019,P048,4,10
P024,P028,4,11
P024,P040,4,10
P024,P043,4,3
P026,P038,4,9
P028,P038,4,7
P029,P034,4,15
P029,P046,4,8
P029,P048,4,3
P035,P042,4,3
P037,P040,4,6
P022,P240,4,3
P022,P145,4,18
P022,P218,4,4
P022,P215,4,3
P022,P279,4,8
P022,P182,4,7
P022,P174,4,19
P022,P227,4,6
P022,P123,4,6
P022,P169,4,18
P022,P290,4,13
P022,P090,4,7
P022,P077,4,4
P022,P128,4,16
P022,P075,4,4
P022,P149,4,11
P022,P173,4,19
P022,P254,4,3
P022,P058,4,3
P022,P205,4,21
P022,P034,4,3
P022,P046,4,17
P013,P022,4,8
P001,P088,4,9
P004,P066,4,10
P004,P271,4,8
P005,P207,4,3
P005,P114,4,3
P005,P019,4,15
P008,P169,4,3
P008,P066,4,3
P010,P043,4,3
P012,P142,4,4
P012,P161,4,15
P013,P058,4,14
P015,P197,4,3
P015,P238,4,3
P017,P177,4,3
P019,P228,4,13
P020,P161,4,15
P020,P254,4,8
P020,P213,4,3
P021,P241,4,3
P021,P053,4,5
P022,P226,4,7
P022,P211,4,3
P022,P175,4,3
P022,P225,4,7
P022,P222,4,11
P022,P269,4,21
P022,P248,4,5
P022,P223,4,3
P022,P121,4,13
P003,P022,4,15
P022,P261,4,14
P022,P097,4,5
P022,P164,4,10
P022,P193,4,3
P022,P243,4,4
P022,P273,4,12
P022,P093,4,3
P022,P263,4,3
P022,P172,4,3
P022,P024,4,3
P022,P087,4,6
P022,P176,4,3
P022,P171,4,4
P022,P280,4,6
P022,P199,4,9
P024,P197,4,12
P024,P091,4,6
P025,P153,4,3
P029,P291,4,4
P037,P109,4,12
P037,P269,4,3
P040,P068,4,3
P042,P260,4,3
P043,P154,4,10
P043,P095,4,3
P048,P171,4,17
P048,P135,4,3
P052,P207,4,3
P054,P096,4,3
P062,P147,4,12
P071,P223,4,5
P022,P076,4,3
P080,P147,4,3
P083,P084,4,3
P083,P126,4,4
P087,P159,4,3
P008,P088,4,3
P092,P249,4,20
P066,P092,4,3
P095,P096,4,13
P036,P097,4,9
P049,P101,4,6
P082,P108,4,5
P064,P109,4,21
P041,P112,4,6
P114,P117,4,26
P030,P134,4,5
P074,P136,4,3
P138,P210,4,7
P139,P203,4,4
P121,P142,4,5
P148,P272,4,5
P005,P149,4,3
P153,P282,4,3
P153,P223,4,16
P161,P290,4,10
P165,P244,4,5
P066,P166,4,3
P167,P260,4,8
P175,P225,4,8
P100,P178,4,6
P018,P179,4,5
P182,P258,4,12
P182,P281,4,7
P163,P183,4,5
P068,P190,4,3
P003,P194,4,10
P201,P251,4,4
P201,P250,4,11
P070,P209,4,6
P125,P213,4,8
P094,P220,4,12
P177,P222,4,4
P101,P249,4,6
P254,P260,4,4
P260,P265,4,3
P033,P265,4,3
P177,P265,4,4
P015,P271,4,3
P086,P273,4,8
P179,P278,4,9
P110,P279,4,7
P214,P281,4,5
P013,P286,4,3
P103,P289,4,4
P296,P297,4,7
P211,P297,4,3
P161,P299,4,4
